IID,Coefficient,StandardError
A_00_00,-0.03308647112153265,0.08122902945746517
A_01_01,-0.19351084119886477,0.17056889818644722
A_01_03,0.08827509841792233,0.08537227311095713
